"","id","trial_id","accuracy_comb","Phase","verb","Age","Trog","et_order","Predictability"
"3","SE01","3Pre",0,"Pre","send","1659","5","pre","Pred"
"5","SE01","4Pre",0,"Pre","throw","1659","5","pre","Pred"
"6","SE01","5Pre",1,"Pre","send","1659","5","pre","Pred"
"7","SE01","1Pre",0,"Pre","bring","1659","5","pre","Pred"
"9","SE01","2Pre",0,"Pre","throw","1659","5","pre","Pred"
"10","SE01","6Pre",0,"Pre","bring","1659","5","pre","Pred"
"14","SE03","2Post",1,"Pre","bring","1584","11","post","Unpred"
"16","SE03","5Post",1,"Pre","bring","1584","11","post","Unpred"
"17","SE03","1Post",1,"Pre","send","1584","11","post","Unpred"
"18","SE03","3Post",1,"Pre","throw","1584","11","post","Unpred"
"19","SE03","6Post",1,"Pre","throw","1584","11","post","Unpred"
"20","SE03","4Post",0,"Pre","send","1584","11","post","Unpred"
"23","SE04","2Pre",0,"Pre","throw","1686","10","pre","Pred"
"24","SE04","6Pre",0,"Pre","bring","1686","10","pre","Pred"
"25","SE04","3Pre",0,"Pre","send","1686","10","pre","Pred"
"28","SE04","5Pre",0,"Pre","send","1686","10","pre","Pred"
"29","SE04","1Pre",0,"Pre","bring","1686","10","pre","Pred"
"30","SE04","4Pre",0,"Pre","throw","1686","10","pre","Pred"
"34","SE05","2Post",0,"Pre","bring","1643","1","post","Pred"
"36","SE05","5Post",1,"Pre","bring","1643","1","post","Pred"
"37","SE05","1Post",1,"Pre","send","1643","1","post","Pred"
"38","SE05","3Post",0,"Pre","throw","1643","1","post","Pred"
"39","SE05","6Post",1,"Pre","throw","1643","1","post","Pred"
"40","SE05","4Post",1,"Pre","send","1643","1","post","Pred"
"43","SE07","2Pre",0,"Pre","throw","1470","9","pre","Pred"
"44","SE07","5Pre",0,"Pre","send","1470","9","pre","Pred"
"45","SE07","4Pre",0,"Pre","throw","1470","9","pre","Pred"
"46","SE07","1Pre",0,"Pre","bring","1470","9","pre","Pred"
"47","SE07","6Pre",0,"Pre","bring","1470","9","pre","Pred"
"48","SE07","3Pre",0,"Pre","send","1470","9","pre","Pred"
"53","SE08","2Pre",1,"Pre","throw","1651","7","pre","Unpred"
"54","SE08","5Pre",0,"Pre","send","1651","7","pre","Unpred"
"55","SE08","4Pre",1,"Pre","throw","1651","7","pre","Unpred"
"56","SE08","1Pre",0,"Pre","bring","1651","7","pre","Unpred"
"57","SE08","6Pre",0,"Pre","bring","1651","7","pre","Unpred"
"58","SE08","3Pre",0,"Pre","send","1651","7","pre","Unpred"
"63","SE12","5Post",0,"Pre","bring","1775","10","post","Unpred"
"64","SE12","1Post",1,"Pre","send","1775","10","post","Unpred"
"66","SE12","4Post",0,"Pre","send","1775","10","post","Unpred"
"67","SE12","3Post",0,"Pre","throw","1775","10","post","Unpred"
"68","SE12","2Post",1,"Pre","bring","1775","10","post","Unpred"
"69","SE12","6Post",1,"Pre","throw","1775","10","post","Unpred"
"73","SE17","5Pre",0,"Pre","send","1569","7","pre","Unpred"
"74","SE17","1Pre",0,"Pre","bring","1569","7","pre","Unpred"
"75","SE17","2Pre",0,"Pre","throw","1569","7","pre","Unpred"
"76","SE17","6Pre",0,"Pre","bring","1569","7","pre","Unpred"
"77","SE17","4Pre",0,"Pre","throw","1569","7","pre","Unpred"
"80","SE17","3Pre",1,"Pre","send","1569","7","pre","Unpred"
"83","SE19","5Post",0,"Pre","bring","1797","7","post","Pred"
"84","SE19","1Post",0,"Pre","send","1797","7","post","Pred"
"86","SE19","4Post",0,"Pre","send","1797","7","post","Pred"
"87","SE19","3Post",0,"Pre","throw","1797","7","post","Pred"
"88","SE19","2Post",0,"Pre","bring","1797","7","post","Pred"
"89","SE19","6Post",0,"Pre","throw","1797","7","post","Pred"
"93","SE20","2Pre",0,"Pre","throw","1602","1","pre","Unpred"
"94","SE20","5Pre",0,"Pre","send","1602","1","pre","Unpred"
"95","SE20","6Pre",0,"Pre","bring","1602","1","pre","Unpred"
"97","SE20","1Pre",0,"Pre","bring","1602","1","pre","Unpred"
"98","SE20","3Pre",0,"Pre","send","1602","1","pre","Unpred"
"100","SE20","4Pre",1,"Pre","throw","1602","1","pre","Unpred"
"103","SE21","2Pre",0,"Pre","throw","1797","1","pre","Pred"
"104","SE21","5Pre",0,"Pre","send","1797","1","pre","Pred"
"105","SE21","6Pre",0,"Pre","bring","1797","1","pre","Pred"
"107","SE21","1Pre",0,"Pre","bring","1797","1","pre","Pred"
"108","SE21","3Pre",0,"Pre","send","1797","1","pre","Pred"
"110","SE21","4Pre",0,"Pre","throw","1797","1","pre","Pred"
"113","SE23","5Post",0,"Pre","bring","1617","10","post","Unpred"
"114","SE23","2Post",0,"Pre","bring","1617","10","post","Unpred"
"115","SE23","1Post",1,"Pre","send","1617","10","post","Unpred"
"116","SE23","4Post",1,"Pre","send","1617","10","post","Unpred"
"117","SE23","3Post",0,"Pre","throw","1617","10","post","Unpred"
"118","SE23","6Post",1,"Pre","throw","1617","10","post","Unpred"
"123","SE24","5Pre",1,"Pre","send","1634","3","pre","Pred"
"125","SE24","2Pre",1,"Pre","throw","1634","3","pre","Pred"
"126","SE24","6Pre",1,"Pre","bring","1634","3","pre","Pred"
"127","SE24","4Pre",1,"Pre","throw","1634","3","pre","Pred"
"128","SE24","3Pre",1,"Pre","send","1634","3","pre","Pred"
"130","SE24","1Pre",1,"Pre","bring","1634","3","pre","Pred"
"133","SE25","5Pre",0,"Pre","send","1632","5","pre","Unpred"
"135","SE25","2Pre",0,"Pre","throw","1632","5","pre","Unpred"
"136","SE25","6Pre",0,"Pre","bring","1632","5","pre","Unpred"
"137","SE25","4Pre",0,"Pre","throw","1632","5","pre","Unpred"
"138","SE25","3Pre",0,"Pre","send","1632","5","pre","Unpred"
"140","SE25","1Pre",0,"Pre","bring","1632","5","pre","Unpred"
"144","SE26","3Pre",1,"Pre","send","1431","2","pre","Pred"
"145","SE26","1Pre",0,"Pre","bring","1431","2","pre","Pred"
"146","SE26","6Pre",0,"Pre","bring","1431","2","pre","Pred"
"147","SE26","5Pre",0,"Pre","send","1431","2","pre","Pred"
"149","SE26","4Pre",0,"Pre","throw","1431","2","pre","Pred"
"150","SE26","2Pre",1,"Pre","throw","1431","2","pre","Pred"
"153","SE28","2Post",0,"Pre","bring","1776","4","post","Pred"
"154","SE28","4Post",0,"Pre","send","1776","4","post","Pred"
"155","SE28","1Post",0,"Pre","send","1776","4","post","Pred"
"156","SE28","6Post",0,"Pre","throw","1776","4","post","Pred"
"157","SE28","3Post",0,"Pre","throw","1776","4","post","Pred"
"160","SE28","5Post",0,"Pre","bring","1776","4","post","Pred"
"163","SE29","4Post",0,"Pre","send","1589","5","post","Unpred"
"164","SE29","6Post",0,"Pre","throw","1589","5","post","Unpred"
"165","SE29","2Post",1,"Pre","bring","1589","5","post","Unpred"
"168","SE29","1Post",1,"Pre","send","1589","5","post","Unpred"
"169","SE29","3Post",1,"Pre","throw","1589","5","post","Unpred"
"170","SE29","5Post",1,"Pre","bring","1589","5","post","Unpred"
"173","SE30","4Pre",0,"Pre","throw","1538","5","pre","Pred"
"174","SE30","2Pre",0,"Pre","throw","1538","5","pre","Pred"
"175","SE30","5Pre",0,"Pre","send","1538","5","pre","Pred"
"178","SE30","3Pre",0,"Pre","send","1538","5","pre","Pred"
"179","SE30","1Pre",0,"Pre","bring","1538","5","pre","Pred"
"180","SE30","6Pre",0,"Pre","bring","1538","5","pre","Pred"
"184","SE31","3Pre",0,"Pre","send","1537","6","pre","Unpred"
"185","SE31","1Pre",0,"Pre","bring","1537","6","pre","Unpred"
"186","SE31","6Pre",0,"Pre","bring","1537","6","pre","Unpred"
"187","SE31","5Pre",0,"Pre","send","1537","6","pre","Unpred"
"189","SE31","4Pre",0,"Pre","throw","1537","6","pre","Unpred"
"190","SE31","2Pre",0,"Pre","throw","1537","6","pre","Unpred"
"193","SE32","2Post",0,"Pre","bring","1511","7","post","Unpred"
"194","SE32","4Post",0,"Pre","send","1511","7","post","Unpred"
"195","SE32","1Post",1,"Pre","send","1511","7","post","Unpred"
"196","SE32","6Post",0,"Pre","throw","1511","7","post","Unpred"
"197","SE32","3Post",0,"Pre","throw","1511","7","post","Unpred"
"200","SE32","5Post",0,"Pre","bring","1511","7","post","Unpred"
"203","SE33","4Pre",0,"Pre","throw","1586","0","pre","Unpred"
"204","SE33","2Pre",0,"Pre","throw","1586","0","pre","Unpred"
"205","SE33","5Pre",0,"Pre","send","1586","0","pre","Unpred"
"208","SE33","3Pre",0,"Pre","send","1586","0","pre","Unpred"
"209","SE33","1Pre",1,"Pre","bring","1586","0","pre","Unpred"
"210","SE33","6Pre",0,"Pre","bring","1586","0","pre","Unpred"
"213","SE34","3Post",0,"Pre","throw","1637","7","post","Unpred"
"214","SE34","2Post",0,"Pre","bring","1637","7","post","Unpred"
"215","SE34","4Post",1,"Pre","send","1637","7","post","Unpred"
"216","SE34","5Post",1,"Pre","bring","1637","7","post","Unpred"
"217","SE34","6Post",0,"Pre","throw","1637","7","post","Unpred"
"219","SE34","1Post",1,"Pre","send","1637","7","post","Unpred"
"223","SE35","3Post",0,"Pre","throw","1804","18","post","Pred"
"224","SE35","2Post",0,"Pre","bring","1804","18","post","Pred"
"225","SE35","4Post",0,"Pre","send","1804","18","post","Pred"
"226","SE35","5Post",0,"Pre","bring","1804","18","post","Pred"
"227","SE35","6Post",0,"Pre","throw","1804","18","post","Pred"
"229","SE35","1Post",0,"Pre","send","1804","18","post","Pred"
"233","SE36","2Pre",0,"Pre","throw","1594","5","pre","Pred"
"234","SE36","1Pre",1,"Pre","bring","1594","5","pre","Pred"
"236","SE36","6Pre",1,"Pre","bring","1594","5","pre","Pred"
"237","SE36","5Pre",1,"Pre","send","1594","5","pre","Pred"
"239","SE36","3Pre",1,"Pre","send","1594","5","pre","Pred"
"240","SE36","4Pre",1,"Pre","throw","1594","5","pre","Pred"
"245","SE38","3Pre",1,"Pre","send","1805","15","pre","Unpred"
"246","SE38","6Pre",1,"Pre","bring","1805","15","pre","Unpred"
"247","SE38","1Pre",1,"Pre","bring","1805","15","pre","Unpred"
"248","SE38","4Pre",0,"Pre","throw","1805","15","pre","Unpred"
"249","SE38","5Pre",1,"Pre","send","1805","15","pre","Unpred"
"250","SE38","2Pre",1,"Pre","throw","1805","15","pre","Unpred"
"253","SE39","1Post",0,"Pre","send","1556","4","post","Pred"
"254","SE39","4Post",1,"Pre","send","1556","4","post","Pred"
"255","SE39","6Post",0,"Pre","throw","1556","4","post","Pred"
"257","SE39","3Post",1,"Pre","throw","1556","4","post","Pred"
"258","SE39","5Post",1,"Pre","bring","1556","4","post","Pred"
"259","SE39","2Post",0,"Pre","bring","1556","4","post","Pred"
"263","SE40","5Pre",0,"Pre","send","1831","9","pre","Unpred"
"264","SE40","3Pre",0,"Pre","send","1831","9","pre","Unpred"
"266","SE40","4Pre",0,"Pre","throw","1831","9","pre","Unpred"
"267","SE40","1Pre",0,"Pre","bring","1831","9","pre","Unpred"
"269","SE40","6Pre",0,"Pre","bring","1831","9","pre","Unpred"
"270","SE40","2Pre",0,"Pre","throw","1831","9","pre","Unpred"
"273","SE41","5Pre",0,"Pre","send","1545","4","pre","Pred"
"274","SE41","3Pre",0,"Pre","send","1545","4","pre","Pred"
"276","SE41","4Pre",0,"Pre","throw","1545","4","pre","Pred"
"277","SE41","1Pre",0,"Pre","bring","1545","4","pre","Pred"
"279","SE41","6Pre",0,"Pre","bring","1545","4","pre","Pred"
"280","SE41","2Pre",0,"Pre","throw","1545","4","pre","Pred"
"283","SE42","1Post",1,"Pre","send","1812","7","post","Unpred"
"284","SE42","4Post",1,"Pre","send","1812","7","post","Unpred"
"285","SE42","6Post",0,"Pre","throw","1812","7","post","Unpred"
"287","SE42","3Post",0,"Pre","throw","1812","7","post","Unpred"
"288","SE42","5Post",1,"Pre","bring","1812","7","post","Unpred"
"289","SE42","2Post",0,"Pre","bring","1812","7","post","Unpred"
"293","SE43","2Pre",0,"Pre","throw","1498","2","pre","Unpred"
"294","SE43","1Pre",0,"Pre","bring","1498","2","pre","Unpred"
"296","SE43","6Pre",0,"Pre","bring","1498","2","pre","Unpred"
"297","SE43","5Pre",0,"Pre","send","1498","2","pre","Unpred"
"299","SE43","3Pre",0,"Pre","send","1498","2","pre","Unpred"
"300","SE43","4Pre",0,"Pre","throw","1498","2","pre","Unpred"
"304","SE44","3Post",0,"Pre","throw","1504","5","post","Pred"
"305","SE44","5Post",0,"Pre","bring","1504","5","post","Pred"
"306","SE44","4Post",0,"Pre","send","1504","5","post","Pred"
"307","SE44","2Post",0,"Pre","bring","1504","5","post","Pred"
"308","SE44","1Post",0,"Pre","send","1504","5","post","Pred"
"310","SE44","6Post",1,"Pre","throw","1504","5","post","Pred"
"313","SE46","3Pre",1,"Pre","send","1757","11","pre","Pred"
"314","SE46","1Pre",1,"Pre","bring","1757","11","pre","Pred"
"315","SE46","4Pre",1,"Pre","throw","1757","11","pre","Pred"
"317","SE46","5Pre",1,"Pre","send","1757","11","pre","Pred"
"319","SE46","6Pre",1,"Pre","bring","1757","11","pre","Pred"
"320","SE46","2Pre",1,"Pre","throw","1757","11","pre","Pred"
"324","SE48","3Post",1,"Pre","throw","1582","10","post","Unpred"
"325","SE48","5Post",1,"Pre","bring","1582","10","post","Unpred"
"326","SE48","4Post",1,"Pre","send","1582","10","post","Unpred"
"327","SE48","2Post",1,"Pre","bring","1582","10","post","Unpred"
"328","SE48","1Post",1,"Pre","send","1582","10","post","Unpred"
"330","SE48","6Post",0,"Pre","throw","1582","10","post","Unpred"
"333","SE49","5Post",1,"Pre","bring","1554","4","post","Pred"
"334","SE49","6Post",0,"Pre","throw","1554","4","post","Pred"
"336","SE49","4Post",0,"Pre","send","1554","4","post","Pred"
"337","SE49","1Post",1,"Pre","send","1554","4","post","Pred"
"338","SE49","3Post",0,"Pre","throw","1554","4","post","Pred"
"340","SE49","2Post",0,"Pre","bring","1554","4","post","Pred"
"343","SE50","6Pre",1,"Pre","bring","1670","8","pre","Unpred"
"344","SE50","2Pre",1,"Pre","throw","1670","8","pre","Unpred"
"346","SE50","1Pre",1,"Pre","bring","1670","8","pre","Unpred"
"347","SE50","5Pre",1,"Pre","send","1670","8","pre","Unpred"
"348","SE50","4Pre",1,"Pre","throw","1670","8","pre","Unpred"
"350","SE50","3Pre",1,"Pre","send","1670","8","pre","Unpred"
"353","SE52","4Post",0,"Pre","send","1516","4","post","Pred"
"354","SE52","6Post",0,"Pre","throw","1516","4","post","Pred"
"355","SE52","3Post",0,"Pre","throw","1516","4","post","Pred"
"356","SE52","1Post",0,"Pre","send","1516","4","post","Pred"
"357","SE52","5Post",0,"Pre","bring","1516","4","post","Pred"
"359","SE52","2Post",0,"Pre","bring","1516","4","post","Pred"
"363","SE53","3Pre",1,"Pre","send","1622","3","pre","Unpred"
"364","SE53","1Pre",0,"Pre","bring","1622","3","pre","Unpred"
"365","SE53","4Pre",0,"Pre","throw","1622","3","pre","Unpred"
"367","SE53","5Pre",0,"Pre","send","1622","3","pre","Unpred"
"369","SE53","6Pre",0,"Pre","bring","1622","3","pre","Unpred"
"370","SE53","2Pre",0,"Pre","throw","1622","3","pre","Unpred"
"373","SE54","3Post",0,"Pre","throw","1642","2","post","Unpred"
"376","SE54","1Post",0,"Pre","send","1642","2","post","Unpred"
"377","SE54","5Post",0,"Pre","bring","1642","2","post","Unpred"
"378","SE54","4Post",0,"Pre","send","1642","2","post","Unpred"
"379","SE54","2Post",1,"Pre","bring","1642","2","post","Unpred"
"380","SE54","6Post",1,"Pre","throw","1642","2","post","Unpred"
"383","SE55","6Pre",0,"Pre","bring","1601","4","pre","Pred"
"384","SE55","2Pre",0,"Pre","throw","1601","4","pre","Pred"
"386","SE55","1Pre",0,"Pre","bring","1601","4","pre","Pred"
"387","SE55","5Pre",0,"Pre","send","1601","4","pre","Pred"
"388","SE55","4Pre",0,"Pre","throw","1601","4","pre","Pred"
"390","SE55","3Pre",1,"Pre","send","1601","4","pre","Pred"
"395","SE57","3Pre",0,"Pre","send","1741","3","pre","Pred"
"396","SE57","6Pre",0,"Pre","bring","1741","3","pre","Pred"
"397","SE57","1Pre",0,"Pre","bring","1741","3","pre","Pred"
"398","SE57","4Pre",0,"Pre","throw","1741","3","pre","Pred"
"399","SE57","5Pre",0,"Pre","send","1741","3","pre","Pred"
"400","SE57","2Pre",0,"Pre","throw","1741","3","pre","Pred"
"403","SE59","4Pre",0,"Pre","throw","1808","3","pre","Unpred"
"404","SE59","1Pre",0,"Pre","bring","1808","3","pre","Unpred"
"405","SE59","5Pre",1,"Pre","send","1808","3","pre","Unpred"
"408","SE59","3Pre",1,"Pre","send","1808","3","pre","Unpred"
"409","SE59","6Pre",1,"Pre","bring","1808","3","pre","Unpred"
"410","SE59","2Pre",1,"Pre","throw","1808","3","pre","Unpred"
"414","SE61","6Post",0,"Pre","throw","1756","5","post","Unpred"
"415","SE61","2Post",0,"Pre","bring","1756","5","post","Unpred"
"416","SE61","3Post",0,"Pre","throw","1756","5","post","Unpred"
"417","SE61","4Post",0,"Pre","send","1756","5","post","Unpred"
"419","SE61","1Post",0,"Pre","send","1756","5","post","Unpred"
"420","SE61","5Post",0,"Pre","bring","1756","5","post","Unpred"
"423","SE62","4Pre",0,"Pre","throw","1815","6","pre","Pred"
"424","SE62","1Pre",0,"Pre","bring","1815","6","pre","Pred"
"425","SE62","5Pre",0,"Pre","send","1815","6","pre","Pred"
"428","SE62","3Pre",0,"Pre","send","1815","6","pre","Pred"
"429","SE62","6Pre",0,"Pre","bring","1815","6","pre","Pred"
"430","SE62","2Pre",0,"Pre","throw","1815","6","pre","Pred"
"433","SE64","3Pre",1,"Pre","send","1494","7","pre","Unpred"
"436","SE64","4Pre",1,"Pre","throw","1494","7","pre","Unpred"
"437","SE64","6Pre",1,"Pre","bring","1494","7","pre","Unpred"
"438","SE64","2Pre",1,"Pre","throw","1494","7","pre","Unpred"
"439","SE64","1Pre",1,"Pre","bring","1494","7","pre","Unpred"
"440","SE64","5Pre",1,"Pre","send","1494","7","pre","Unpred"
"443","SE65","3Pre",0,"Pre","send","1686","8","pre","Pred"
"446","SE65","4Pre",0,"Pre","throw","1686","8","pre","Pred"
"447","SE65","6Pre",0,"Pre","bring","1686","8","pre","Pred"
"448","SE65","2Pre",0,"Pre","throw","1686","8","pre","Pred"
"449","SE65","1Pre",0,"Pre","bring","1686","8","pre","Pred"
"450","SE65","5Pre",1,"Pre","send","1686","8","pre","Pred"
"453","SE66","6Post",1,"Pre","throw","1351","10","post","Pred"
"454","SE66","3Post",1,"Pre","throw","1351","10","post","Pred"
"455","SE66","4Post",1,"Pre","send","1351","10","post","Pred"
"456","SE66","2Post",1,"Pre","bring","1351","10","post","Pred"
"457","SE66","1Post",1,"Pre","send","1351","10","post","Pred"
"459","SE66","5Post",1,"Pre","bring","1351","10","post","Pred"
"465","SE71","6Post",0,"Pre","throw","1782","3","post","Unpred"
"466","SE71","3Post",0,"Pre","throw","1782","3","post","Unpred"
"467","SE71","4Post",1,"Pre","send","1782","3","post","Unpred"
"468","SE71","1Post",0,"Pre","send","1782","3","post","Unpred"
"469","SE71","2Post",0,"Pre","bring","1782","3","post","Unpred"
"470","SE71","5Post",0,"Pre","bring","1782","3","post","Unpred"
"473","SE73","1Pre",0,"Pre","bring","1663","8","pre","Pred"
"475","SE73","3Pre",0,"Pre","send","1663","8","pre","Pred"
"476","SE73","4Pre",0,"Pre","throw","1663","8","pre","Pred"
"477","SE73","6Pre",1,"Pre","bring","1663","8","pre","Pred"
"478","SE73","2Pre",0,"Pre","throw","1663","8","pre","Pred"
"480","SE73","5Pre",0,"Pre","send","1663","8","pre","Pred"
"483","SE76","5Post",0,"Pre","bring","1779","8","post","Pred"
"484","SE76","3Post",0,"Pre","throw","1779","8","post","Pred"
"485","SE76","1Post",0,"Pre","send","1779","8","post","Pred"
"488","SE76","2Post",0,"Pre","bring","1779","8","post","Pred"
"489","SE76","6Post",1,"Pre","throw","1779","8","post","Pred"
"490","SE76","4Post",0,"Pre","send","1779","8","post","Pred"
"493","SE82","4Pre",0,"Pre","throw","1627","4","pre","Pred"
"494","SE82","3Pre",0,"Pre","send","1627","4","pre","Pred"
"496","SE82","5Pre",0,"Pre","send","1627","4","pre","Pred"
"497","SE82","6Pre",0,"Pre","bring","1627","4","pre","Pred"
"499","SE82","1Pre",0,"Pre","bring","1627","4","pre","Pred"
"500","SE82","2Pre",0,"Pre","throw","1627","4","pre","Pred"
"503","SE84","6Post",0,"Pre","throw","1760","9","post","Pred"
"505","SE84","1Post",0,"Pre","send","1760","9","post","Pred"
"506","SE84","2Post",0,"Pre","bring","1760","9","post","Pred"
"507","SE84","4Post",0,"Pre","send","1760","9","post","Pred"
"508","SE84","5Post",0,"Pre","bring","1760","9","post","Pred"
"509","SE84","3Post",0,"Pre","throw","1760","9","post","Pred"
"513","SE85","4Pre",0,"Pre","throw","1462","9","pre","Unpred"
"514","SE85","3Pre",0,"Pre","send","1462","9","pre","Unpred"
"516","SE85","5Pre",0,"Pre","send","1462","9","pre","Unpred"
"517","SE85","6Pre",0,"Pre","bring","1462","9","pre","Unpred"
"519","SE85","1Pre",0,"Pre","bring","1462","9","pre","Unpred"
"520","SE85","2Pre",0,"Pre","throw","1462","9","pre","Unpred"
"523","SE86","2Pre",0,"Pre","throw","1562","3","pre","Pred"
"524","SE86","6Pre",0,"Pre","bring","1562","3","pre","Pred"
"526","SE86","1Pre",1,"Pre","bring","1562","3","pre","Pred"
"527","SE86","4Pre",0,"Pre","throw","1562","3","pre","Pred"
"529","SE86","3Pre",0,"Pre","send","1562","3","pre","Pred"
"530","SE86","5Pre",0,"Pre","send","1562","3","pre","Pred"
"534","SE87","1Post",1,"Pre","send","1498","11","post","Pred"
"536","SE87","6Post",1,"Pre","throw","1498","11","post","Pred"
"537","SE87","5Post",1,"Pre","bring","1498","11","post","Pred"
"538","SE87","4Post",1,"Pre","send","1498","11","post","Pred"
"539","SE87","2Post",0,"Pre","bring","1498","11","post","Pred"
"540","SE87","3Post",0,"Pre","throw","1498","11","post","Pred"
"544","SE89","2Post",0,"Pre","bring","1490","1","post","Unpred"
"545","SE89","5Post",0,"Pre","bring","1490","1","post","Unpred"
"546","SE89","3Post",0,"Pre","throw","1490","1","post","Unpred"
"548","SE89","6Post",0,"Pre","throw","1490","1","post","Unpred"
"549","SE89","4Post",0,"Pre","send","1490","1","post","Unpred"
"550","SE89","1Post",0,"Pre","send","1490","1","post","Unpred"
"553","SE92","2Pre",0,"Pre","throw","1711","8","pre","Pred"
"554","SE92","6Pre",0,"Pre","bring","1711","8","pre","Pred"
"556","SE92","5Pre",0,"Pre","send","1711","8","pre","Pred"
"558","SE92","4Pre",0,"Pre","throw","1711","8","pre","Pred"
"559","SE92","1Pre",0,"Pre","bring","1711","8","pre","Pred"
"560","SE92","3Pre",0,"Pre","send","1711","8","pre","Pred"
"563","SE94","6Post",0,"Pre","throw","1665","2","post","Pred"
"564","SE94","2Post",1,"Pre","bring","1665","2","post","Pred"
"565","SE94","4Post",1,"Pre","send","1665","2","post","Pred"
"566","SE94","5Post",0,"Pre","bring","1665","2","post","Pred"
"567","SE94","1Post",1,"Pre","send","1665","2","post","Pred"
"570","SE94","3Post",0,"Pre","throw","1665","2","post","Pred"
"573","SE95","6Post",0,"Pre","throw","1803","7","post","Unpred"
"574","SE95","2Post",1,"Pre","bring","1803","7","post","Unpred"
"575","SE95","4Post",1,"Pre","send","1803","7","post","Unpred"
"576","SE95","5Post",1,"Pre","bring","1803","7","post","Unpred"
"577","SE95","1Post",1,"Pre","send","1803","7","post","Unpred"
"580","SE95","3Post",0,"Pre","throw","1803","7","post","Unpred"
"583","SE96","2Pre",0,"Pre","throw","1727","6","pre","Unpred"
"584","SE96","6Pre",0,"Pre","bring","1727","6","pre","Unpred"
"586","SE96","5Pre",0,"Pre","send","1727","6","pre","Unpred"
"588","SE96","4Pre",0,"Pre","throw","1727","6","pre","Unpred"
"589","SE96","1Pre",0,"Pre","bring","1727","6","pre","Unpred"
"590","SE96","3Pre",0,"Pre","send","1727","6","pre","Unpred"
"594","SE97","2Post",0,"Pre","bring","1541","7","post","Pred"
"595","SE97","5Post",0,"Pre","bring","1541","7","post","Pred"
"596","SE97","3Post",0,"Pre","throw","1541","7","post","Pred"
"598","SE97","6Post",0,"Pre","throw","1541","7","post","Pred"
"599","SE97","4Post",0,"Pre","send","1541","7","post","Pred"
"600","SE97","1Post",1,"Pre","send","1541","7","post","Pred"
"603","SE98","5Pre",0,"Pre","send","1468","0","pre","Pred"
"604","SE98","1Pre",1,"Pre","bring","1468","0","pre","Pred"
"605","SE98","2Pre",1,"Pre","throw","1468","0","pre","Pred"
"606","SE98","6Pre",1,"Pre","bring","1468","0","pre","Pred"
"607","SE98","4Pre",1,"Pre","throw","1468","0","pre","Pred"
"610","SE98","3Pre",0,"Pre","send","1468","0","pre","Pred"
"613","SE100","3Post",0,"Pre","throw","1745","11","post","Pred"
"616","SE100","1Post",0,"Pre","send","1745","11","post","Pred"
"617","SE100","5Post",0,"Pre","bring","1745","11","post","Pred"
"618","SE100","4Post",0,"Pre","send","1745","11","post","Pred"
"619","SE100","2Post",0,"Pre","bring","1745","11","post","Pred"
"620","SE100","6Post",0,"Pre","throw","1745","11","post","Pred"
"623","SE56","4Post",0,"Pre","send","1576","1","post","Unpred"
"624","SE56","6Post",0,"Pre","throw","1576","1","post","Unpred"
"625","SE56","3Post",0,"Pre","throw","1576","1","post","Unpred"
"626","SE56","1Post",0,"Pre","send","1576","1","post","Unpred"
"627","SE56","5Post",0,"Pre","bring","1576","1","post","Unpred"
"629","SE56","2Post",0,"Pre","bring","1576","1","post","Unpred"
"633","SE67","4Pre",0,"Pre","throw","1799","3","pre","Pred"
"635","SE67","3Pre",0,"Pre","send","1799","3","pre","Pred"
"636","SE67","1Pre",0,"Pre","bring","1799","3","pre","Pred"
"638","SE67","6Pre",0,"Pre","bring","1799","3","pre","Pred"
"639","SE67","5Pre",0,"Pre","send","1799","3","pre","Pred"
"640","SE67","2Pre",0,"Pre","throw","1799","3","pre","Pred"
"643","SE68","6Post",0,"Pre","throw","1773","6","post","Unpred"
"644","SE68","3Post",0,"Pre","throw","1773","6","post","Unpred"
"645","SE68","4Post",0,"Pre","send","1773","6","post","Unpred"
"646","SE68","2Post",0,"Pre","bring","1773","6","post","Unpred"
"647","SE68","1Post",0,"Pre","send","1773","6","post","Unpred"
"649","SE68","5Post",0,"Pre","bring","1773","6","post","Unpred"
"653","SE70","1Pre",0,"Pre","bring","1776","6","pre","Unpred"
"655","SE70","3Pre",0,"Pre","send","1776","6","pre","Unpred"
"656","SE70","4Pre",1,"Pre","throw","1776","6","pre","Unpred"
"657","SE70","6Pre",0,"Pre","bring","1776","6","pre","Unpred"
"658","SE70","2Pre",0,"Pre","throw","1776","6","pre","Unpred"
"660","SE70","5Pre",0,"Pre","send","1776","6","pre","Unpred"
"663","SE74","2Pre",0,"Pre","throw","1788","4","pre","Pred"
"664","SE74","4Pre",0,"Pre","throw","1788","4","pre","Pred"
"666","SE74","5Pre",0,"Pre","send","1788","4","pre","Pred"
"667","SE74","6Pre",0,"Pre","bring","1788","4","pre","Pred"
"668","SE74","1Pre",0,"Pre","bring","1788","4","pre","Pred"
"669","SE74","3Pre",0,"Pre","send","1788","4","pre","Pred"
"673","SE78","5Post",1,"Pre","bring","1478","4","post","Unpred"
"676","SE78","3Post",1,"Pre","throw","1478","4","post","Unpred"
"677","SE78","6Post",1,"Pre","throw","1478","4","post","Unpred"
"678","SE78","1Post",1,"Pre","send","1478","4","post","Unpred"
"679","SE78","4Post",1,"Pre","send","1478","4","post","Unpred"
"680","SE78","2Post",1,"Pre","bring","1478","4","post","Unpred"
"683","SE79","2Pre",1,"Pre","throw","1544","4","pre","Unpred"
"684","SE79","4Pre",0,"Pre","throw","1544","4","pre","Unpred"
"686","SE79","5Pre",0,"Pre","send","1544","4","pre","Unpred"
"687","SE79","6Pre",1,"Pre","bring","1544","4","pre","Unpred"
"688","SE79","1Pre",0,"Pre","bring","1544","4","pre","Unpred"
"689","SE79","3Pre",0,"Pre","send","1544","4","pre","Unpred"
"694","SE81","1Post",0,"Pre","send","1530","7","post","Unpred"
"696","SE81","6Post",0,"Pre","throw","1530","7","post","Unpred"
"697","SE81","5Post",0,"Pre","bring","1530","7","post","Unpred"
"698","SE81","4Post",0,"Pre","send","1530","7","post","Unpred"
"699","SE81","2Post",0,"Pre","bring","1530","7","post","Unpred"
"700","SE81","3Post",0,"Pre","throw","1530","7","post","Unpred"
"703","SE88","6Post",0,"Pre","throw","1688","8","post","Unpred"
"705","SE88","1Post",1,"Pre","send","1688","8","post","Unpred"
"706","SE88","2Post",1,"Pre","bring","1688","8","post","Unpred"
"707","SE88","4Post",1,"Pre","send","1688","8","post","Unpred"
"708","SE88","5Post",1,"Pre","bring","1688","8","post","Unpred"
"709","SE88","3Post",1,"Pre","throw","1688","8","post","Unpred"
"713","SE91","2Pre",0,"Pre","throw","1652","4","pre","Unpred"
"714","SE91","6Pre",0,"Pre","bring","1652","4","pre","Unpred"
"716","SE91","1Pre",0,"Pre","bring","1652","4","pre","Unpred"
"717","SE91","4Pre",0,"Pre","throw","1652","4","pre","Unpred"
"719","SE91","3Pre",0,"Pre","send","1652","4","pre","Unpred"
"720","SE91","5Pre",0,"Pre","send","1652","4","pre","Unpred"
"723","SE101","2Post",0,"Pre","bring","1778","2","post","Unpred"
"725","SE101","3Post",0,"Pre","throw","1778","2","post","Unpred"
"726","SE101","1Post",0,"Pre","send","1778","2","post","Unpred"
"727","SE101","4Post",0,"Pre","send","1778","2","post","Unpred"
"729","SE101","6Post",0,"Pre","throw","1778","2","post","Unpred"
"730","SE101","5Post",1,"Pre","bring","1778","2","post","Unpred"
"733","SE102","2Pre",0,"Pre","throw","1598","0","pre","Unpred"
"734","SE102","6Pre",0,"Pre","bring","1598","0","pre","Unpred"
"735","SE102","3Pre",0,"Pre","send","1598","0","pre","Unpred"
"738","SE102","5Pre",0,"Pre","send","1598","0","pre","Unpred"
"739","SE102","1Pre",0,"Pre","bring","1598","0","pre","Unpred"
"740","SE102","4Pre",0,"Pre","throw","1598","0","pre","Unpred"
"744","SE103","5Post",1,"Pre","bring","1655","10","post","Unpred"
"746","SE103","1Post",1,"Pre","send","1655","10","post","Unpred"
"747","SE103","2Post",1,"Pre","bring","1655","10","post","Unpred"
"748","SE103","4Post",1,"Pre","send","1655","10","post","Unpred"
"749","SE103","3Post",1,"Pre","throw","1655","10","post","Unpred"
"750","SE103","6Post",1,"Pre","throw","1655","10","post","Unpred"
"753","SE105","5Post",1,"Pre","bring","1544","5","post","Unpred"
"754","SE105","6Post",1,"Pre","throw","1544","5","post","Unpred"
"756","SE105","4Post",1,"Pre","send","1544","5","post","Unpred"
"757","SE105","1Post",1,"Pre","send","1544","5","post","Unpred"
"758","SE105","3Post",0,"Pre","throw","1544","5","post","Unpred"
"760","SE105","2Post",0,"Pre","bring","1544","5","post","Unpred"
"765","SE106","6Post",1,"Pre","throw","1777","9","post","Pred"
"766","SE106","3Post",0,"Pre","throw","1777","9","post","Pred"
"767","SE106","4Post",0,"Pre","send","1777","9","post","Pred"
"768","SE106","1Post",1,"Pre","send","1777","9","post","Pred"
"769","SE106","2Post",1,"Pre","bring","1777","9","post","Pred"
"770","SE106","5Post",1,"Pre","bring","1777","9","post","Pred"
"774","SE108","6Post",1,"Pre","throw","1729","4","post","Pred"
"775","SE108","2Post",1,"Pre","bring","1729","4","post","Pred"
"776","SE108","3Post",0,"Pre","throw","1729","4","post","Pred"
"777","SE108","4Post",0,"Pre","send","1729","4","post","Pred"
"779","SE108","1Post",1,"Pre","send","1729","4","post","Pred"
"780","SE108","5Post",0,"Pre","bring","1729","4","post","Pred"
"783","SE109","5Post",0,"Pre","bring","1583","4","post","Unpred"
"784","SE109","3Post",0,"Pre","throw","1583","4","post","Unpred"
"785","SE109","1Post",0,"Pre","send","1583","4","post","Unpred"
"788","SE109","2Post",0,"Pre","bring","1583","4","post","Unpred"
"789","SE109","6Post",0,"Pre","throw","1583","4","post","Unpred"
"790","SE109","4Post",0,"Pre","send","1583","4","post","Unpred"
"793","SE110","5Post",1,"Pre","bring","1307","9","post","Pred"
"796","SE110","3Post",0,"Pre","throw","1307","9","post","Pred"
"797","SE110","6Post",0,"Pre","throw","1307","9","post","Pred"
"798","SE110","1Post",0,"Pre","send","1307","9","post","Pred"
"799","SE110","4Post",0,"Pre","send","1307","9","post","Pred"
"800","SE110","2Post",0,"Pre","bring","1307","9","post","Pred"
"804","SE111","2Post",0,"Pre","bring","1496","7","post","Unpred"
"805","SE111","5Post",1,"Pre","bring","1496","7","post","Unpred"
"806","SE111","3Post",1,"Pre","throw","1496","7","post","Unpred"
"808","SE111","6Post",1,"Pre","throw","1496","7","post","Unpred"
"809","SE111","4Post",1,"Pre","send","1496","7","post","Unpred"
"810","SE111","1Post",1,"Pre","send","1496","7","post","Unpred"
"813","SE112","2Post",0,"Pre","bring","1795","9","post","Unpred"
"815","SE112","3Post",1,"Pre","throw","1795","9","post","Unpred"
"816","SE112","1Post",1,"Pre","send","1795","9","post","Unpred"
"817","SE112","4Post",1,"Pre","send","1795","9","post","Unpred"
"819","SE112","6Post",1,"Pre","throw","1795","9","post","Unpred"
"820","SE112","5Post",1,"Pre","bring","1795","9","post","Unpred"
"823","SE10","2Post",0,"Pre","bring","1547","9","post","Pred"
"825","SE10","3Post",0,"Pre","throw","1547","9","post","Pred"
"826","SE10","1Post",1,"Pre","send","1547","9","post","Pred"
"827","SE10","4Post",1,"Pre","send","1547","9","post","Pred"
"829","SE10","6Post",0,"Pre","throw","1547","9","post","Pred"
"830","SE10","5Post",0,"Pre","bring","1547","9","post","Pred"
"834","SE15","5Post",0,"Pre","bring","1637","11","post","Pred"
"836","SE15","1Post",0,"Pre","send","1637","11","post","Pred"
"837","SE15","2Post",0,"Pre","bring","1637","11","post","Pred"
"838","SE15","4Post",1,"Pre","send","1637","11","post","Pred"
"839","SE15","3Post",1,"Pre","throw","1637","11","post","Pred"
"840","SE15","6Post",1,"Pre","throw","1637","11","post","Pred"
"843","SE83","6Pre",0,"Pre","bring","1537","3","pre","Pred"
"844","SE83","1Pre",0,"Pre","bring","1537","3","pre","Pred"
"845","SE83","3Pre",0,"Pre","send","1537","3","pre","Pred"
"848","SE83","5Pre",0,"Pre","send","1537","3","pre","Pred"
"849","SE83","2Pre",0,"Pre","throw","1537","3","pre","Pred"
"850","SE83","4Pre",0,"Pre","throw","1537","3","pre","Pred"
"4","SE01","2Post",0,"Post","bring","1659","5","pre","Pred"
"61","SE01","5Post",1,"Post","bring","1659","5","pre","Pred"
"71","SE01","1Post",1,"Post","send","1659","5","pre","Pred"
"8","SE01","3Post",0,"Post","throw","1659","5","pre","Pred"
"91","SE01","6Post",0,"Post","throw","1659","5","pre","Pred"
"101","SE01","4Post",1,"Post","send","1659","5","pre","Pred"
"13","SE03","3Pre",1,"Post","send","1584","11","post","Unpred"
"15","SE03","4Pre",1,"Post","throw","1584","11","post","Unpred"
"161","SE03","5Pre",1,"Post","send","1584","11","post","Unpred"
"171","SE03","1Pre",1,"Post","bring","1584","11","post","Unpred"
"191","SE03","2Pre",1,"Post","throw","1584","11","post","Unpred"
"201","SE03","6Pre",1,"Post","bring","1584","11","post","Unpred"
"231","SE04","5Post",0,"Post","bring","1686","10","pre","Pred"
"241","SE04","1Post",0,"Post","send","1686","10","pre","Pred"
"26","SE04","4Post",0,"Post","send","1686","10","pre","Pred"
"27","SE04","3Post",0,"Post","throw","1686","10","pre","Pred"
"281","SE04","2Post",0,"Post","bring","1686","10","pre","Pred"
"291","SE04","6Post",0,"Post","throw","1686","10","pre","Pred"
"33","SE05","3Pre",1,"Post","send","1643","1","post","Pred"
"35","SE05","4Pre",0,"Post","throw","1643","1","post","Pred"
"361","SE05","5Pre",0,"Post","send","1643","1","post","Pred"
"371","SE05","1Pre",1,"Post","bring","1643","1","post","Pred"
"391","SE05","2Pre",1,"Post","throw","1643","1","post","Pred"
"401","SE05","6Pre",1,"Post","bring","1643","1","post","Pred"
"431","SE07","2Post",0,"Post","bring","1470","9","pre","Pred"
"451","SE07","3Post",0,"Post","throw","1470","9","pre","Pred"
"461","SE07","1Post",0,"Post","send","1470","9","pre","Pred"
"471","SE07","4Post",0,"Post","send","1470","9","pre","Pred"
"49","SE07","6Post",1,"Post","throw","1470","9","pre","Pred"
"50","SE07","5Post",0,"Post","bring","1470","9","pre","Pred"
"531","SE08","2Post",0,"Post","bring","1651","7","pre","Unpred"
"551","SE08","3Post",0,"Post","throw","1651","7","pre","Unpred"
"561","SE08","1Post",1,"Post","send","1651","7","pre","Unpred"
"571","SE08","4Post",1,"Post","send","1651","7","pre","Unpred"
"59","SE08","6Post",0,"Post","throw","1651","7","pre","Unpred"
"60","SE08","5Post",0,"Post","bring","1651","7","pre","Unpred"
"631","SE12","2Pre",1,"Post","throw","1775","10","post","Unpred"
"641","SE12","6Pre",0,"Post","bring","1775","10","post","Unpred"
"65","SE12","3Pre",1,"Post","send","1775","10","post","Unpred"
"681","SE12","5Pre",1,"Post","send","1775","10","post","Unpred"
"691","SE12","1Pre",0,"Post","bring","1775","10","post","Unpred"
"70","SE12","4Pre",0,"Post","throw","1775","10","post","Unpred"
"741","SE17","5Post",1,"Post","bring","1569","7","pre","Unpred"
"761","SE17","1Post",0,"Post","send","1569","7","pre","Unpred"
"771","SE17","2Post",0,"Post","bring","1569","7","pre","Unpred"
"78","SE17","4Post",0,"Post","send","1569","7","pre","Unpred"
"79","SE17","3Post",0,"Post","throw","1569","7","pre","Unpred"
"801","SE17","6Post",0,"Post","throw","1569","7","pre","Unpred"
"831","SE19","2Pre",0,"Post","throw","1797","7","post","Pred"
"841","SE19","6Pre",0,"Post","bring","1797","7","post","Pred"
"85","SE19","3Pre",0,"Post","send","1797","7","post","Pred"
"881","SE19","5Pre",1,"Post","send","1797","7","post","Pred"
"891","SE19","1Pre",0,"Post","bring","1797","7","post","Pred"
"90","SE19","4Pre",0,"Post","throw","1797","7","post","Pred"
"931","SE20","5Post",0,"Post","bring","1602","1","pre","Unpred"
"941","SE20","2Post",0,"Post","bring","1602","1","pre","Unpred"
"951","SE20","1Post",0,"Post","send","1602","1","pre","Unpred"
"96","SE20","4Post",1,"Post","send","1602","1","pre","Unpred"
"971","SE20","3Post",1,"Post","throw","1602","1","pre","Unpred"
"981","SE20","6Post",0,"Post","throw","1602","1","pre","Unpred"
"1031","SE21","5Post",0,"Post","bring","1797","1","pre","Pred"
"1041","SE21","2Post",1,"Post","bring","1797","1","pre","Pred"
"1051","SE21","1Post",1,"Post","send","1797","1","pre","Pred"
"106","SE21","4Post",1,"Post","send","1797","1","pre","Pred"
"1071","SE21","3Post",1,"Post","throw","1797","1","pre","Pred"
"1081","SE21","6Post",1,"Post","throw","1797","1","pre","Pred"
"1131","SE23","2Pre",0,"Post","throw","1617","10","post","Unpred"
"1141","SE23","5Pre",1,"Post","send","1617","10","post","Unpred"
"1151","SE23","6Pre",0,"Post","bring","1617","10","post","Unpred"
"1171","SE23","1Pre",0,"Post","bring","1617","10","post","Unpred"
"1181","SE23","3Pre",0,"Post","send","1617","10","post","Unpred"
"120","SE23","4Pre",1,"Post","throw","1617","10","post","Unpred"
"1231","SE24","4Post",0,"Post","send","1634","3","pre","Pred"
"124","SE24","6Post",0,"Post","throw","1634","3","pre","Pred"
"1251","SE24","2Post",1,"Post","bring","1634","3","pre","Pred"
"1281","SE24","1Post",1,"Post","send","1634","3","pre","Pred"
"129","SE24","3Post",1,"Post","throw","1634","3","pre","Pred"
"1301","SE24","5Post",1,"Post","bring","1634","3","pre","Pred"
"1331","SE25","4Post",0,"Post","send","1632","5","pre","Unpred"
"134","SE25","6Post",1,"Post","throw","1632","5","pre","Unpred"
"1351","SE25","2Post",0,"Post","bring","1632","5","pre","Unpred"
"1381","SE25","1Post",0,"Post","send","1632","5","pre","Unpred"
"139","SE25","3Post",0,"Post","throw","1632","5","pre","Unpred"
"1401","SE25","5Post",1,"Post","bring","1632","5","pre","Unpred"
"143","SE26","2Post",1,"Post","bring","1431","2","pre","Pred"
"1441","SE26","4Post",0,"Post","send","1431","2","pre","Pred"
"1451","SE26","1Post",0,"Post","send","1431","2","pre","Pred"
"1461","SE26","6Post",1,"Post","throw","1431","2","pre","Pred"
"1471","SE26","3Post",0,"Post","throw","1431","2","pre","Pred"
"1501","SE26","5Post",0,"Post","bring","1431","2","pre","Pred"
"1541","SE28","3Pre",0,"Post","send","1776","4","post","Pred"
"1551","SE28","1Pre",0,"Post","bring","1776","4","post","Pred"
"1561","SE28","6Pre",1,"Post","bring","1776","4","post","Pred"
"1571","SE28","5Pre",0,"Post","send","1776","4","post","Pred"
"159","SE28","4Pre",0,"Post","throw","1776","4","post","Pred"
"1601","SE28","2Pre",1,"Post","throw","1776","4","post","Pred"
"1631","SE29","5Pre",1,"Post","send","1589","5","post","Unpred"
"1651","SE29","2Pre",0,"Post","throw","1589","5","post","Unpred"
"166","SE29","6Pre",1,"Post","bring","1589","5","post","Unpred"
"167","SE29","4Pre",0,"Post","throw","1589","5","post","Unpred"
"1681","SE29","3Pre",0,"Post","send","1589","5","post","Unpred"
"1701","SE29","1Pre",0,"Post","bring","1589","5","post","Unpred"
"1731","SE30","3Post",0,"Post","throw","1538","5","pre","Pred"
"1741","SE30","2Post",0,"Post","bring","1538","5","pre","Pred"
"1751","SE30","4Post",0,"Post","send","1538","5","pre","Pred"
"176","SE30","5Post",0,"Post","bring","1538","5","pre","Pred"
"177","SE30","6Post",0,"Post","throw","1538","5","pre","Pred"
"1791","SE30","1Post",0,"Post","send","1538","5","pre","Pred"
"183","SE31","2Post",1,"Post","bring","1537","6","pre","Unpred"
"1841","SE31","4Post",1,"Post","send","1537","6","pre","Unpred"
"1851","SE31","1Post",0,"Post","send","1537","6","pre","Unpred"
"1861","SE31","6Post",0,"Post","throw","1537","6","pre","Unpred"
"1871","SE31","3Post",0,"Post","throw","1537","6","pre","Unpred"
"1901","SE31","5Post",1,"Post","bring","1537","6","pre","Unpred"
"1941","SE32","3Pre",1,"Post","send","1511","7","post","Unpred"
"1951","SE32","1Pre",1,"Post","bring","1511","7","post","Unpred"
"1961","SE32","6Pre",0,"Post","bring","1511","7","post","Unpred"
"1971","SE32","5Pre",0,"Post","send","1511","7","post","Unpred"
"199","SE32","4Pre",0,"Post","throw","1511","7","post","Unpred"
"2001","SE32","2Pre",0,"Post","throw","1511","7","post","Unpred"
"2031","SE33","3Post",1,"Post","throw","1586","0","pre","Unpred"
"2041","SE33","2Post",0,"Post","bring","1586","0","pre","Unpred"
"2051","SE33","4Post",0,"Post","send","1586","0","pre","Unpred"
"206","SE33","5Post",0,"Post","bring","1586","0","pre","Unpred"
"207","SE33","6Post",1,"Post","throw","1586","0","pre","Unpred"
"2091","SE33","1Post",0,"Post","send","1586","0","pre","Unpred"
"2131","SE34","4Pre",0,"Post","throw","1637","7","post","Unpred"
"2141","SE34","2Pre",0,"Post","throw","1637","7","post","Unpred"
"2151","SE34","5Pre",1,"Post","send","1637","7","post","Unpred"
"218","SE34","3Pre",1,"Post","send","1637","7","post","Unpred"
"2191","SE34","1Pre",0,"Post","bring","1637","7","post","Unpred"
"220","SE34","6Pre",1,"Post","bring","1637","7","post","Unpred"
"2231","SE35","4Pre",0,"Post","throw","1804","18","post","Pred"
"2241","SE35","2Pre",0,"Post","throw","1804","18","post","Pred"
"2251","SE35","5Pre",0,"Post","send","1804","18","post","Pred"
"228","SE35","3Pre",0,"Post","send","1804","18","post","Pred"
"2291","SE35","1Pre",1,"Post","bring","1804","18","post","Pred"
"230","SE35","6Pre",1,"Post","bring","1804","18","post","Pred"
"2331","SE36","1Post",0,"Post","send","1594","5","pre","Pred"
"2341","SE36","4Post",1,"Post","send","1594","5","pre","Pred"
"235","SE36","6Post",1,"Post","throw","1594","5","pre","Pred"
"2371","SE36","3Post",1,"Post","throw","1594","5","pre","Pred"
"238","SE36","5Post",1,"Post","bring","1594","5","pre","Pred"
"2391","SE36","2Post",1,"Post","bring","1594","5","pre","Pred"
"243","SE38","5Post",1,"Post","bring","1805","15","pre","Unpred"
"244","SE38","6Post",1,"Post","throw","1805","15","pre","Unpred"
"2461","SE38","4Post",1,"Post","send","1805","15","pre","Unpred"
"2471","SE38","1Post",1,"Post","send","1805","15","pre","Unpred"
"2481","SE38","3Post",1,"Post","throw","1805","15","pre","Unpred"
"2501","SE38","2Post",1,"Post","bring","1805","15","pre","Unpred"
"2531","SE39","2Pre",0,"Post","throw","1556","4","post","Pred"
"2541","SE39","1Pre",0,"Post","bring","1556","4","post","Pred"
"256","SE39","6Pre",1,"Post","bring","1556","4","post","Pred"
"2571","SE39","5Pre",0,"Post","send","1556","4","post","Pred"
"2591","SE39","3Pre",1,"Post","send","1556","4","post","Pred"
"260","SE39","4Pre",1,"Post","throw","1556","4","post","Pred"
"2641","SE40","3Post",0,"Post","throw","1831","9","pre","Unpred"
"265","SE40","5Post",0,"Post","bring","1831","9","pre","Unpred"
"2661","SE40","4Post",0,"Post","send","1831","9","pre","Unpred"
"2671","SE40","2Post",0,"Post","bring","1831","9","pre","Unpred"
"268","SE40","1Post",0,"Post","send","1831","9","pre","Unpred"
"2701","SE40","6Post",0,"Post","throw","1831","9","pre","Unpred"
"2741","SE41","3Post",1,"Post","throw","1545","4","pre","Pred"
"275","SE41","5Post",0,"Post","bring","1545","4","pre","Pred"
"2761","SE41","4Post",0,"Post","send","1545","4","pre","Pred"
"2771","SE41","2Post",0,"Post","bring","1545","4","pre","Pred"
"278","SE41","1Post",0,"Post","send","1545","4","pre","Pred"
"2801","SE41","6Post",0,"Post","throw","1545","4","pre","Pred"
"2831","SE42","2Pre",0,"Post","throw","1812","7","post","Unpred"
"2841","SE42","1Pre",1,"Post","bring","1812","7","post","Unpred"
"286","SE42","6Pre",1,"Post","bring","1812","7","post","Unpred"
"2871","SE42","5Pre",0,"Post","send","1812","7","post","Unpred"
"2891","SE42","3Pre",0,"Post","send","1812","7","post","Unpred"
"290","SE42","4Pre",0,"Post","throw","1812","7","post","Unpred"
"2931","SE43","1Post",0,"Post","send","1498","2","pre","Unpred"
"2941","SE43","4Post",1,"Post","send","1498","2","pre","Unpred"
"295","SE43","6Post",0,"Post","throw","1498","2","pre","Unpred"
"2971","SE43","3Post",0,"Post","throw","1498","2","pre","Unpred"
"298","SE43","5Post",0,"Post","bring","1498","2","pre","Unpred"
"2991","SE43","2Post",1,"Post","bring","1498","2","pre","Unpred"
"303","SE44","5Pre",0,"Post","send","1504","5","post","Pred"
"3041","SE44","3Pre",0,"Post","send","1504","5","post","Pred"
"3061","SE44","4Pre",0,"Post","throw","1504","5","post","Pred"
"3071","SE44","1Pre",1,"Post","bring","1504","5","post","Pred"
"309","SE44","6Pre",1,"Post","bring","1504","5","post","Pred"
"3101","SE44","2Pre",0,"Post","throw","1504","5","post","Pred"
"3131","SE46","3Post",1,"Post","throw","1757","11","pre","Pred"
"316","SE46","1Post",0,"Post","send","1757","11","pre","Pred"
"3171","SE46","5Post",1,"Post","bring","1757","11","pre","Pred"
"318","SE46","4Post",0,"Post","send","1757","11","pre","Pred"
"3191","SE46","2Post",1,"Post","bring","1757","11","pre","Pred"
"3201","SE46","6Post",1,"Post","throw","1757","11","pre","Pred"
"323","SE48","5Pre",1,"Post","send","1582","10","post","Unpred"
"3241","SE48","3Pre",1,"Post","send","1582","10","post","Unpred"
"3261","SE48","4Pre",1,"Post","throw","1582","10","post","Unpred"
"3271","SE48","1Pre",1,"Post","bring","1582","10","post","Unpred"
"329","SE48","6Pre",1,"Post","bring","1582","10","post","Unpred"
"3301","SE48","2Pre",1,"Post","throw","1582","10","post","Unpred"
"335","SE49","3Pre",0,"Post","send","1554","4","post","Pred"
"3361","SE49","6Pre",0,"Post","bring","1554","4","post","Pred"
"3371","SE49","1Pre",1,"Post","bring","1554","4","post","Pred"
"3381","SE49","4Pre",1,"Post","throw","1554","4","post","Pred"
"339","SE49","5Pre",1,"Post","send","1554","4","post","Pred"
"3401","SE49","2Pre",1,"Post","throw","1554","4","post","Pred"
"3431","SE50","4Post",0,"Post","send","1670","8","pre","Unpred"
"3441","SE50","6Post",1,"Post","throw","1670","8","pre","Unpred"
"345","SE50","3Post",1,"Post","throw","1670","8","pre","Unpred"
"3461","SE50","1Post",1,"Post","send","1670","8","pre","Unpred"
"3471","SE50","5Post",1,"Post","bring","1670","8","pre","Unpred"
"349","SE50","2Post",1,"Post","bring","1670","8","pre","Unpred"
"3531","SE52","6Pre",0,"Post","bring","1516","4","post","Pred"
"3541","SE52","2Pre",1,"Post","throw","1516","4","post","Pred"
"3561","SE52","1Pre",0,"Post","bring","1516","4","post","Pred"
"3571","SE52","5Pre",0,"Post","send","1516","4","post","Pred"
"358","SE52","4Pre",1,"Post","throw","1516","4","post","Pred"
"360","SE52","3Pre",0,"Post","send","1516","4","post","Pred"
"3631","SE53","3Post",0,"Post","throw","1622","3","pre","Unpred"
"366","SE53","1Post",0,"Post","send","1622","3","pre","Unpred"
"3671","SE53","5Post",0,"Post","bring","1622","3","pre","Unpred"
"368","SE53","4Post",0,"Post","send","1622","3","pre","Unpred"
"3691","SE53","2Post",0,"Post","bring","1622","3","pre","Unpred"
"3701","SE53","6Post",1,"Post","throw","1622","3","pre","Unpred"
"3731","SE54","3Pre",1,"Post","send","1642","2","post","Unpred"
"374","SE54","1Pre",1,"Post","bring","1642","2","post","Unpred"
"375","SE54","4Pre",0,"Post","throw","1642","2","post","Unpred"
"3771","SE54","5Pre",0,"Post","send","1642","2","post","Unpred"
"3791","SE54","6Pre",0,"Post","bring","1642","2","post","Unpred"
"3801","SE54","2Pre",1,"Post","throw","1642","2","post","Unpred"
"3831","SE55","4Post",0,"Post","send","1601","4","pre","Pred"
"3841","SE55","6Post",0,"Post","throw","1601","4","pre","Pred"
"385","SE55","3Post",1,"Post","throw","1601","4","pre","Pred"
"3861","SE55","1Post",1,"Post","send","1601","4","pre","Pred"
"3871","SE55","5Post",0,"Post","bring","1601","4","pre","Pred"
"389","SE55","2Post",1,"Post","bring","1601","4","pre","Pred"
"393","SE57","5Post",0,"Post","bring","1741","3","pre","Pred"
"394","SE57","6Post",0,"Post","throw","1741","3","pre","Pred"
"3961","SE57","4Post",1,"Post","send","1741","3","pre","Pred"
"3971","SE57","1Post",1,"Post","send","1741","3","pre","Pred"
"3981","SE57","3Post",0,"Post","throw","1741","3","pre","Pred"
"4001","SE57","2Post",0,"Post","bring","1741","3","pre","Pred"
"4041","SE59","6Post",1,"Post","throw","1808","3","pre","Unpred"
"4051","SE59","2Post",0,"Post","bring","1808","3","pre","Unpred"
"406","SE59","3Post",1,"Post","throw","1808","3","pre","Unpred"
"407","SE59","4Post",0,"Post","send","1808","3","pre","Unpred"
"4091","SE59","1Post",1,"Post","send","1808","3","pre","Unpred"
"4101","SE59","5Post",1,"Post","bring","1808","3","pre","Unpred"
"413","SE61","4Pre",0,"Post","throw","1756","5","post","Unpred"
"4141","SE61","1Pre",1,"Post","bring","1756","5","post","Unpred"
"4151","SE61","5Pre",0,"Post","send","1756","5","post","Unpred"
"418","SE61","3Pre",0,"Post","send","1756","5","post","Unpred"
"4191","SE61","6Pre",1,"Post","bring","1756","5","post","Unpred"
"4201","SE61","2Pre",1,"Post","throw","1756","5","post","Unpred"
"4241","SE62","6Post",0,"Post","throw","1815","6","pre","Pred"
"4251","SE62","2Post",0,"Post","bring","1815","6","pre","Pred"
"426","SE62","3Post",0,"Post","throw","1815","6","pre","Pred"
"427","SE62","4Post",0,"Post","send","1815","6","pre","Pred"
"4291","SE62","1Post",0,"Post","send","1815","6","pre","Pred"
"4301","SE62","5Post",0,"Post","bring","1815","6","pre","Pred"
"4331","SE64","6Post",0,"Post","throw","1494","7","pre","Unpred"
"434","SE64","3Post",1,"Post","throw","1494","7","pre","Unpred"
"435","SE64","4Post",0,"Post","send","1494","7","pre","Unpred"
"4361","SE64","2Post",0,"Post","bring","1494","7","pre","Unpred"
"4371","SE64","1Post",1,"Post","send","1494","7","pre","Unpred"
"4391","SE64","5Post",0,"Post","bring","1494","7","pre","Unpred"
"4431","SE65","6Post",0,"Post","throw","1686","8","pre","Pred"
"444","SE65","3Post",0,"Post","throw","1686","8","pre","Pred"
"445","SE65","4Post",0,"Post","send","1686","8","pre","Pred"
"4461","SE65","2Post",0,"Post","bring","1686","8","pre","Pred"
"4471","SE65","1Post",1,"Post","send","1686","8","pre","Pred"
"4491","SE65","5Post",0,"Post","bring","1686","8","pre","Pred"
"4531","SE66","3Pre",1,"Post","send","1351","10","post","Pred"
"4561","SE66","4Pre",1,"Post","throw","1351","10","post","Pred"
"4571","SE66","6Pre",1,"Post","bring","1351","10","post","Pred"
"458","SE66","2Pre",1,"Post","throw","1351","10","post","Pred"
"4591","SE66","1Pre",1,"Post","bring","1351","10","post","Pred"
"460","SE66","5Pre",1,"Post","send","1351","10","post","Pred"
"463","SE71","4Pre",0,"Post","throw","1782","3","post","Unpred"
"4651","SE71","3Pre",0,"Post","send","1782","3","post","Unpred"
"4661","SE71","1Pre",0,"Post","bring","1782","3","post","Unpred"
"4681","SE71","6Pre",0,"Post","bring","1782","3","post","Unpred"
"4691","SE71","5Pre",1,"Post","send","1782","3","post","Unpred"
"4701","SE71","2Pre",0,"Post","throw","1782","3","post","Unpred"
"4731","SE73","5Post",0,"Post","bring","1663","8","pre","Pred"
"474","SE73","3Post",1,"Post","throw","1663","8","pre","Pred"
"4751","SE73","1Post",1,"Post","send","1663","8","pre","Pred"
"4781","SE73","2Post",0,"Post","bring","1663","8","pre","Pred"
"479","SE73","6Post",1,"Post","throw","1663","8","pre","Pred"
"4801","SE73","4Post",1,"Post","send","1663","8","pre","Pred"
"4831","SE76","1Pre",0,"Post","bring","1779","8","post","Pred"
"4851","SE76","3Pre",0,"Post","send","1779","8","post","Pred"
"486","SE76","4Pre",1,"Post","throw","1779","8","post","Pred"
"487","SE76","6Pre",0,"Post","bring","1779","8","post","Pred"
"4881","SE76","2Pre",0,"Post","throw","1779","8","post","Pred"
"4901","SE76","5Pre",0,"Post","send","1779","8","post","Pred"
"4941","SE82","2Post",0,"Post","bring","1627","4","pre","Pred"
"495","SE82","5Post",1,"Post","bring","1627","4","pre","Pred"
"4961","SE82","3Post",0,"Post","throw","1627","4","pre","Pred"
"498","SE82","6Post",0,"Post","throw","1627","4","pre","Pred"
"4991","SE82","4Post",1,"Post","send","1627","4","pre","Pred"
"5001","SE82","1Post",0,"Post","send","1627","4","pre","Pred"
"5031","SE84","2Pre",0,"Post","throw","1760","9","post","Pred"
"504","SE84","6Pre",0,"Post","bring","1760","9","post","Pred"
"5061","SE84","1Pre",0,"Post","bring","1760","9","post","Pred"
"5071","SE84","4Pre",0,"Post","throw","1760","9","post","Pred"
"5091","SE84","3Pre",1,"Post","send","1760","9","post","Pred"
"510","SE84","5Pre",0,"Post","send","1760","9","post","Pred"
"5141","SE85","2Post",0,"Post","bring","1462","9","pre","Unpred"
"515","SE85","5Post",0,"Post","bring","1462","9","pre","Unpred"
"5161","SE85","3Post",0,"Post","throw","1462","9","pre","Unpred"
"518","SE85","6Post",0,"Post","throw","1462","9","pre","Unpred"
"5191","SE85","4Post",0,"Post","send","1462","9","pre","Unpred"
"5201","SE85","1Post",0,"Post","send","1462","9","pre","Unpred"
"5231","SE86","6Post",0,"Post","throw","1562","3","pre","Pred"
"525","SE86","1Post",0,"Post","send","1562","3","pre","Pred"
"5261","SE86","2Post",0,"Post","bring","1562","3","pre","Pred"
"5271","SE86","4Post",1,"Post","send","1562","3","pre","Pred"
"528","SE86","5Post",1,"Post","bring","1562","3","pre","Pred"
"5291","SE86","3Post",0,"Post","throw","1562","3","pre","Pred"
"533","SE87","6Pre",0,"Post","bring","1498","11","post","Pred"
"5341","SE87","1Pre",1,"Post","bring","1498","11","post","Pred"
"535","SE87","3Pre",0,"Post","send","1498","11","post","Pred"
"5381","SE87","5Pre",0,"Post","send","1498","11","post","Pred"
"5391","SE87","2Pre",1,"Post","throw","1498","11","post","Pred"
"5401","SE87","4Pre",0,"Post","throw","1498","11","post","Pred"
"543","SE89","4Pre",0,"Post","throw","1490","1","post","Unpred"
"5441","SE89","3Pre",0,"Post","send","1490","1","post","Unpred"
"5461","SE89","5Pre",1,"Post","send","1490","1","post","Unpred"
"547","SE89","6Pre",0,"Post","bring","1490","1","post","Unpred"
"5491","SE89","1Pre",1,"Post","bring","1490","1","post","Unpred"
"5501","SE89","2Pre",0,"Post","throw","1490","1","post","Unpred"
"5531","SE92","6Post",0,"Post","throw","1711","8","pre","Pred"
"5541","SE92","2Post",0,"Post","bring","1711","8","pre","Pred"
"555","SE92","4Post",0,"Post","send","1711","8","pre","Pred"
"5561","SE92","5Post",0,"Post","bring","1711","8","pre","Pred"
"557","SE92","1Post",0,"Post","send","1711","8","pre","Pred"
"5601","SE92","3Post",0,"Post","throw","1711","8","pre","Pred"
"5631","SE94","2Pre",0,"Post","throw","1665","2","post","Pred"
"5641","SE94","6Pre",0,"Post","bring","1665","2","post","Pred"
"5661","SE94","5Pre",0,"Post","send","1665","2","post","Pred"
"568","SE94","4Pre",0,"Post","throw","1665","2","post","Pred"
"569","SE94","1Pre",1,"Post","bring","1665","2","post","Pred"
"5701","SE94","3Pre",0,"Post","send","1665","2","post","Pred"
"5731","SE95","2Pre",1,"Post","throw","1803","7","post","Unpred"
"5741","SE95","6Pre",1,"Post","bring","1803","7","post","Unpred"
"5761","SE95","5Pre",1,"Post","send","1803","7","post","Unpred"
"578","SE95","4Pre",0,"Post","throw","1803","7","post","Unpred"
"579","SE95","1Pre",1,"Post","bring","1803","7","post","Unpred"
"5801","SE95","3Pre",1,"Post","send","1803","7","post","Unpred"
"5831","SE96","6Post",0,"Post","throw","1727","6","pre","Unpred"
"5841","SE96","2Post",1,"Post","bring","1727","6","pre","Unpred"
"585","SE96","4Post",1,"Post","send","1727","6","pre","Unpred"
"5861","SE96","5Post",0,"Post","bring","1727","6","pre","Unpred"
"587","SE96","1Post",1,"Post","send","1727","6","pre","Unpred"
"5901","SE96","3Post",0,"Post","throw","1727","6","pre","Unpred"
"593","SE97","4Pre",1,"Post","throw","1541","7","post","Pred"
"5941","SE97","3Pre",1,"Post","send","1541","7","post","Pred"
"5961","SE97","5Pre",1,"Post","send","1541","7","post","Pred"
"597","SE97","6Pre",0,"Post","bring","1541","7","post","Pred"
"5991","SE97","1Pre",0,"Post","bring","1541","7","post","Pred"
"6001","SE97","2Pre",1,"Post","throw","1541","7","post","Pred"
"6041","SE98","5Post",1,"Post","bring","1468","0","pre","Pred"
"6061","SE98","1Post",0,"Post","send","1468","0","pre","Pred"
"6071","SE98","2Post",1,"Post","bring","1468","0","pre","Pred"
"608","SE98","4Post",1,"Post","send","1468","0","pre","Pred"
"609","SE98","3Post",0,"Post","throw","1468","0","pre","Pred"
"6101","SE98","6Post",0,"Post","throw","1468","0","pre","Pred"
"6131","SE100","3Pre",0,"Post","send","1745","11","post","Pred"
"614","SE100","1Pre",0,"Post","bring","1745","11","post","Pred"
"615","SE100","4Pre",0,"Post","throw","1745","11","post","Pred"
"6171","SE100","5Pre",0,"Post","send","1745","11","post","Pred"
"6191","SE100","6Pre",0,"Post","bring","1745","11","post","Pred"
"6201","SE100","2Pre",0,"Post","throw","1745","11","post","Pred"
"6231","SE56","6Pre",0,"Post","bring","1576","1","post","Unpred"
"6241","SE56","2Pre",1,"Post","throw","1576","1","post","Unpred"
"6261","SE56","1Pre",0,"Post","bring","1576","1","post","Unpred"
"6271","SE56","5Pre",1,"Post","send","1576","1","post","Unpred"
"628","SE56","4Pre",0,"Post","throw","1576","1","post","Unpred"
"630","SE56","3Pre",1,"Post","send","1576","1","post","Unpred"
"6351","SE67","6Post",0,"Post","throw","1799","3","pre","Pred"
"6361","SE67","3Post",0,"Post","throw","1799","3","pre","Pred"
"637","SE67","4Post",0,"Post","send","1799","3","pre","Pred"
"6381","SE67","1Post",0,"Post","send","1799","3","pre","Pred"
"6391","SE67","2Post",0,"Post","bring","1799","3","pre","Pred"
"6401","SE67","5Post",0,"Post","bring","1799","3","pre","Pred"
"6431","SE68","3Pre",0,"Post","send","1773","6","post","Unpred"
"6461","SE68","4Pre",0,"Post","throw","1773","6","post","Unpred"
"6471","SE68","6Pre",0,"Post","bring","1773","6","post","Unpred"
"648","SE68","2Pre",0,"Post","throw","1773","6","post","Unpred"
"6491","SE68","1Pre",0,"Post","bring","1773","6","post","Unpred"
"650","SE68","5Pre",0,"Post","send","1773","6","post","Unpred"
"6531","SE70","5Post",0,"Post","bring","1776","6","pre","Unpred"
"654","SE70","3Post",0,"Post","throw","1776","6","pre","Unpred"
"6551","SE70","1Post",0,"Post","send","1776","6","pre","Unpred"
"6581","SE70","2Post",0,"Post","bring","1776","6","pre","Unpred"
"659","SE70","6Post",0,"Post","throw","1776","6","pre","Unpred"
"6601","SE70","4Post",0,"Post","send","1776","6","pre","Unpred"
"6631","SE74","5Post",0,"Post","bring","1788","4","pre","Pred"
"6661","SE74","3Post",0,"Post","throw","1788","4","pre","Pred"
"6671","SE74","6Post",0,"Post","throw","1788","4","pre","Pred"
"6681","SE74","1Post",0,"Post","send","1788","4","pre","Pred"
"6691","SE74","4Post",1,"Post","send","1788","4","pre","Pred"
"670","SE74","2Post",1,"Post","bring","1788","4","pre","Pred"
"6731","SE78","2Pre",1,"Post","throw","1478","4","post","Unpred"
"674","SE78","4Pre",1,"Post","throw","1478","4","post","Unpred"
"6761","SE78","5Pre",1,"Post","send","1478","4","post","Unpred"
"6771","SE78","6Pre",1,"Post","bring","1478","4","post","Unpred"
"6781","SE78","1Pre",0,"Post","bring","1478","4","post","Unpred"
"6791","SE78","3Pre",0,"Post","send","1478","4","post","Unpred"
"6831","SE79","5Post",0,"Post","bring","1544","4","pre","Unpred"
"6861","SE79","3Post",1,"Post","throw","1544","4","pre","Unpred"
"6871","SE79","6Post",1,"Post","throw","1544","4","pre","Unpred"
"6881","SE79","1Post",0,"Post","send","1544","4","pre","Unpred"
"6891","SE79","4Post",1,"Post","send","1544","4","pre","Unpred"
"690","SE79","2Post",0,"Post","bring","1544","4","pre","Unpred"
"693","SE81","6Pre",1,"Post","bring","1530","7","post","Unpred"
"6941","SE81","1Pre",1,"Post","bring","1530","7","post","Unpred"
"695","SE81","3Pre",1,"Post","send","1530","7","post","Unpred"
"6981","SE81","5Pre",1,"Post","send","1530","7","post","Unpred"
"6991","SE81","2Pre",1,"Post","throw","1530","7","post","Unpred"
"7001","SE81","4Pre",0,"Post","throw","1530","7","post","Unpred"
"7031","SE88","2Pre",1,"Post","throw","1688","8","post","Unpred"
"704","SE88","6Pre",1,"Post","bring","1688","8","post","Unpred"
"7061","SE88","1Pre",1,"Post","bring","1688","8","post","Unpred"
"7071","SE88","4Pre",1,"Post","throw","1688","8","post","Unpred"
"7091","SE88","3Pre",1,"Post","send","1688","8","post","Unpred"
"710","SE88","5Pre",0,"Post","send","1688","8","post","Unpred"
"7131","SE91","6Post",0,"Post","throw","1652","4","pre","Unpred"
"715","SE91","1Post",0,"Post","send","1652","4","pre","Unpred"
"7161","SE91","2Post",0,"Post","bring","1652","4","pre","Unpred"
"7171","SE91","4Post",0,"Post","send","1652","4","pre","Unpred"
"718","SE91","5Post",1,"Post","bring","1652","4","pre","Unpred"
"7191","SE91","3Post",0,"Post","throw","1652","4","pre","Unpred"
"7231","SE101","2Pre",1,"Post","throw","1778","2","post","Unpred"
"724","SE101","5Pre",1,"Post","send","1778","2","post","Unpred"
"7251","SE101","4Pre",1,"Post","throw","1778","2","post","Unpred"
"7261","SE101","1Pre",1,"Post","bring","1778","2","post","Unpred"
"7271","SE101","6Pre",0,"Post","bring","1778","2","post","Unpred"
"728","SE101","3Pre",0,"Post","send","1778","2","post","Unpred"
"7331","SE102","5Post",1,"Post","bring","1598","0","pre","Unpred"
"7341","SE102","1Post",0,"Post","send","1598","0","pre","Unpred"
"736","SE102","4Post",1,"Post","send","1598","0","pre","Unpred"
"737","SE102","3Post",1,"Post","throw","1598","0","pre","Unpred"
"7381","SE102","2Post",0,"Post","bring","1598","0","pre","Unpred"
"7391","SE102","6Post",0,"Post","throw","1598","0","pre","Unpred"
"743","SE103","5Pre",1,"Post","send","1655","10","post","Unpred"
"7441","SE103","1Pre",1,"Post","bring","1655","10","post","Unpred"
"745","SE103","2Pre",1,"Post","throw","1655","10","post","Unpred"
"7461","SE103","6Pre",1,"Post","bring","1655","10","post","Unpred"
"7471","SE103","4Pre",1,"Post","throw","1655","10","post","Unpred"
"7501","SE103","3Pre",1,"Post","send","1655","10","post","Unpred"
"755","SE105","3Pre",1,"Post","send","1544","5","post","Unpred"
"7561","SE105","6Pre",1,"Post","bring","1544","5","post","Unpred"
"7571","SE105","1Pre",1,"Post","bring","1544","5","post","Unpred"
"7581","SE105","4Pre",1,"Post","throw","1544","5","post","Unpred"
"759","SE105","5Pre",1,"Post","send","1544","5","post","Unpred"
"7601","SE105","2Pre",1,"Post","throw","1544","5","post","Unpred"
"763","SE106","4Pre",0,"Post","throw","1777","9","post","Pred"
"7651","SE106","3Pre",1,"Post","send","1777","9","post","Pred"
"7661","SE106","1Pre",1,"Post","bring","1777","9","post","Pred"
"7681","SE106","6Pre",1,"Post","bring","1777","9","post","Pred"
"7691","SE106","5Pre",0,"Post","send","1777","9","post","Pred"
"7701","SE106","2Pre",1,"Post","throw","1777","9","post","Pred"
"773","SE108","4Pre",0,"Post","throw","1729","4","post","Pred"
"7741","SE108","1Pre",0,"Post","bring","1729","4","post","Pred"
"7751","SE108","5Pre",0,"Post","send","1729","4","post","Pred"
"778","SE108","3Pre",1,"Post","send","1729","4","post","Pred"
"7791","SE108","6Pre",1,"Post","bring","1729","4","post","Pred"
"7801","SE108","2Pre",1,"Post","throw","1729","4","post","Pred"
"7831","SE109","1Pre",0,"Post","bring","1583","4","post","Unpred"
"7851","SE109","3Pre",0,"Post","send","1583","4","post","Unpred"
"786","SE109","4Pre",1,"Post","throw","1583","4","post","Unpred"
"787","SE109","6Pre",0,"Post","bring","1583","4","post","Unpred"
"7881","SE109","2Pre",1,"Post","throw","1583","4","post","Unpred"
"7901","SE109","5Pre",0,"Post","send","1583","4","post","Unpred"
"7931","SE110","2Pre",0,"Post","throw","1307","9","post","Pred"
"794","SE110","4Pre",0,"Post","throw","1307","9","post","Pred"
"7961","SE110","5Pre",0,"Post","send","1307","9","post","Pred"
"7971","SE110","6Pre",0,"Post","bring","1307","9","post","Pred"
"7981","SE110","1Pre",0,"Post","bring","1307","9","post","Pred"
"7991","SE110","3Pre",1,"Post","send","1307","9","post","Pred"
"803","SE111","4Pre",1,"Post","throw","1496","7","post","Unpred"
"8041","SE111","3Pre",1,"Post","send","1496","7","post","Unpred"
"8061","SE111","5Pre",1,"Post","send","1496","7","post","Unpred"
"807","SE111","6Pre",1,"Post","bring","1496","7","post","Unpred"
"8091","SE111","1Pre",1,"Post","bring","1496","7","post","Unpred"
"8101","SE111","2Pre",1,"Post","throw","1496","7","post","Unpred"
"8131","SE112","2Pre",1,"Post","throw","1795","9","post","Unpred"
"814","SE112","5Pre",0,"Post","send","1795","9","post","Unpred"
"8151","SE112","4Pre",1,"Post","throw","1795","9","post","Unpred"
"8161","SE112","1Pre",1,"Post","bring","1795","9","post","Unpred"
"8171","SE112","6Pre",0,"Post","bring","1795","9","post","Unpred"
"818","SE112","3Pre",1,"Post","send","1795","9","post","Unpred"
"8231","SE10","2Pre",0,"Post","throw","1547","9","post","Pred"
"824","SE10","5Pre",0,"Post","send","1547","9","post","Pred"
"8251","SE10","4Pre",0,"Post","throw","1547","9","post","Pred"
"8261","SE10","1Pre",0,"Post","bring","1547","9","post","Pred"
"8271","SE10","6Pre",0,"Post","bring","1547","9","post","Pred"
"828","SE10","3Pre",0,"Post","send","1547","9","post","Pred"
"833","SE15","5Pre",1,"Post","send","1637","11","post","Pred"
"8341","SE15","1Pre",0,"Post","bring","1637","11","post","Pred"
"835","SE15","2Pre",0,"Post","throw","1637","11","post","Pred"
"8361","SE15","6Pre",0,"Post","bring","1637","11","post","Pred"
"8371","SE15","4Pre",1,"Post","throw","1637","11","post","Pred"
"8401","SE15","3Pre",1,"Post","send","1637","11","post","Pred"
"8441","SE83","1Post",0,"Post","send","1537","3","pre","Pred"
"846","SE83","6Post",0,"Post","throw","1537","3","pre","Pred"
"847","SE83","5Post",1,"Post","bring","1537","3","pre","Pred"
"8481","SE83","4Post",0,"Post","send","1537","3","pre","Pred"
"8491","SE83","2Post",0,"Post","bring","1537","3","pre","Pred"
"8501","SE83","3Post",1,"Post","throw","1537","3","pre","Pred"
